,ResI,dfi,dfi_stderr,pctdfi,pctdfi_stderr,ChainID,Res
0,2.0,0.0020137957194478234,0.00018328349433161933,0.6540035318947323,0.026166524319422384,A,LYS
1,3.0,0.0018175345285367922,0.00014592190168794062,0.6171555325838826,0.028363659849720866,A,PRO
2,4.0,0.001791694281667293,0.00014612656361228854,0.6216780807167163,0.02899591854284259,A,VAL
3,5.0,0.001680167822240759,0.00015627783723567412,0.5330146013696858,0.035821155022195544,A,THR
4,6.0,0.001773482828958593,0.00016239593310322483,0.5662876340612485,0.035619244811188534,A,LEU
5,7.0,0.0019017756076051477,0.0002056251673840347,0.5655984838695783,0.036678246994751675,A,TYR
6,8.0,0.0019802050291463564,0.00019755122914698803,0.6212473618469226,0.033727568131692254,A,ASP
7,9.0,0.0020520753518535745,0.0001743263902528975,0.676939311711246,0.03050495681319843,A,VAL
8,10.0,0.002216786337743899,0.0002086361419454823,0.6723306198044537,0.0334261923337073,A,ALA
9,11.0,0.0024333547990054946,0.0002363340109134849,0.7116767885601069,0.031186252381890905,A,GLU
10,12.0,0.0025260841909675023,0.00021571754608420293,0.7676487056897964,0.026573603010755682,A,TYR
11,13.0,0.0026266760329300117,0.00021076175543165,0.7799026575354266,0.027251369277245672,A,ALA
12,14.0,0.0028398085772837955,0.0002521610396373828,0.7772968083731748,0.029282384768503644,A,GLY
13,15.0,0.0026759544764753734,0.00024804885121371237,0.7290347590127926,0.033184628235356485,A,VAL
14,16.0,0.0025466584831536116,0.0002634139871459876,0.6703062411164236,0.037753851860639134,A,SER
15,17.0,0.0022050260778869028,0.000234809784969048,0.6170047809794548,0.038271410680654476,A,TYR
16,18.0,0.002317679052101536,0.0002468375162146563,0.6230133092130764,0.03893004984141198,A,GLN
17,19.0,0.0024903904156204216,0.00023358340539773127,0.6857259766550372,0.034830896115893316,A,THR
18,20.0,0.0022400802417743703,0.00019435662382802956,0.6735581685833655,0.03393007351052105,A,VAL
19,21.0,0.0021011812543564033,0.0001910244290710844,0.6240039626136021,0.03795446210125141,A,SER
20,22.0,0.0023862960741340947,0.00020571728204507543,0.69371581168971,0.03466385657392125,A,ARG
21,23.0,0.0024484623738930088,0.0001814420363427241,0.7484601800404873,0.030166507175142854,A,VAL
22,24.0,0.0022394285730769885,0.00015520405785076155,0.7234784855924539,0.030200059313632753,A,VAL
23,25.0,0.0024011486372791024,0.00017199917491563424,0.7455958995563596,0.029106785806933336,A,ASN
24,26.0,0.0026867799927034262,0.000186326561285132,0.7973683077055604,0.025887231452325476,A,GLN
25,27.0,0.0028775139995712725,0.00021461559313288358,0.8018477839514149,0.02691134955170832,A,ALA
26,28.0,0.003244316257821037,0.00022929460225082457,0.8394064693974242,0.025125280619200274,A,SER
27,29.0,0.0032803442423196627,0.0002549595982770245,0.8297583667140456,0.02675771875735718,A,HSD
28,30.0,0.0031642390472409482,0.0002418018091809818,0.8130464745660508,0.02924320580577682,A,VAL
29,31.0,0.0032964044602078607,0.0002456833486489617,0.8268510143429385,0.029605141671356,A,SER
30,32.0,0.0032802721774817575,0.00022090666719117803,0.8474178403755869,0.026651653953769,A,ALA
31,33.0,0.003296155569452626,0.00022071091453433842,0.8514450618081582,0.026455355665708204,A,LYS
32,34.0,0.0029943314749173787,0.00021844301167224563,0.8143601671189216,0.02899835063231297,A,THR
33,35.0,0.0027971939067723836,0.00018851848697851037,0.8111728474824486,0.02772822934765428,A,ARG
34,36.0,0.0029308836725687576,0.0001791640715775672,0.842206142051083,0.025431810686345504,A,GLU
35,37.0,0.00285333853940919,0.00018771578846208,0.8252358185812119,0.02676421321408278,A,LYS
36,38.0,0.002481312335794657,0.00016982178454509562,0.7789766119653702,0.02783549670333796,A,VAL
37,39.0,0.002508395717535783,0.00014704853232468717,0.8120558211655253,0.024322467770219642,A,GLU
38,40.0,0.002709031486910095,0.00015598729579618825,0.836628332687255,0.023460417898566285,A,ALA
39,41.0,0.002477211058072721,0.00016043176429321048,0.7997372614894263,0.023918584616303803,A,ALA
40,42.0,0.002216671526089418,0.0001319220591806008,0.77626308308567,0.02245359316272326,A,MET
41,43.0,0.0024858524000437757,0.00013264666332230492,0.8338717319205754,0.01946912455283388,A,ALA
42,44.0,0.0026244138695464166,0.00015477109295128407,0.8420553904466551,0.01899368009745302,A,GLU
43,45.0,0.0023003930918519314,0.0001492277682752315,0.7972175561011328,0.019442921246073587,A,LEU
44,46.0,0.002255127773779107,0.0001246290377510363,0.8079855278459745,0.016431007129844723,A,ASN
45,47.0,0.001959841035047416,0.00011327923541623576,0.7218417538872377,0.021986772973257514,A,TYR
46,48.0,0.0019324876106632902,0.00011270700873989191,0.693478916311324,0.02699687230081511,A,ILE
47,49.0,0.0019864411114950543,0.00012317691812281542,0.6719429728216396,0.03280862057703678,A,PRO
48,50.0,0.0020232858160692435,0.00013024096064258168,0.6791144420037043,0.03298694285850806,A,ASN
49,51.0,0.0018852047019276394,0.00011731425648012088,0.6748503251927467,0.0290488154728364,A,ARG
50,52.0,0.0020728097498950997,0.00012404119290966922,0.7513244605246158,0.022112402522221634,A,VAL
51,53.0,0.002029697363513336,0.00012247299690313222,0.7352801826248008,0.023220399418358895,A,ALA
52,54.0,0.001793319900558651,0.00010530009021643874,0.6751949002885814,0.02453506242950522,A,GLN
53,55.0,0.0018259721359295791,0.00010664715594152843,0.6895163027092218,0.02405856110822531,A,GLN
54,56.0,0.0019508065862209737,0.00011425463987234244,0.7134642718697504,0.02683476187307607,A,LEU
55,57.0,0.0019086930728940887,9.597093519032604e-05,0.7305853469440496,0.02287078494994103,A,ALA
56,58.0,0.0017483452332024269,7.111252946754943e-05,0.6985183270879094,0.02829394236776638,A,GLY
57,59.0,0.001705691368143463,5.666497788095939e-05,0.7213464271869751,0.021842342254612485,A,LYS
58,60.0,0.0017258940263723784,3.679763089776032e-05,0.7580221389499071,0.01308015779609323,A,GLN
59,61.0,0.0012438841386353027,2.846768964914317e-05,0.5312271180600424,0.017381223010876475,A,SER
60,62.0,0.0011945321006708537,2.64934143462224e-05,0.5091527759831157,0.017476577466568482,A,LEU
61,63.0,0.0011059822246661888,2.5120675802575413e-05,0.4423052073911356,0.01926034931847932,A,LEU
62,64.0,0.001016997546327803,2.1723871655765628e-05,0.3719903518973165,0.01844360236335693,A,ILE
63,65.0,0.001002172428452396,2.3339054833272035e-05,0.3681784898996424,0.019703678120355974,A,GLY
64,66.0,0.0008944751292078619,2.297260601424782e-05,0.2811517422578284,0.01774117527784995,A,VAL
65,67.0,0.0009279322737774974,2.8784672394858058e-05,0.32049791101348135,0.020980634981027882,A,ALA
66,68.0,0.0008661191239315605,3.074017921767003e-05,0.27817978205625193,0.019901122558216352,A,THR
67,69.0,0.0009221301728728026,3.345923605740609e-05,0.32568807339449546,0.024304130427519,A,SER
68,70.0,0.0008640318815130537,3.589911443235446e-05,0.29284575957272674,0.023886502602600976,A,SER
69,71.0,0.0007560878499849029,3.56657977403316e-05,0.21165525261661713,0.021349948431778724,A,LEU
70,72.0,0.0008066180175652056,2.7775772487320944e-05,0.22647198173751995,0.01833540395127381,A,ALA
71,73.0,0.0008183689476528452,2.8997968380101714e-05,0.24234397208941716,0.018572282443512708,A,LEU
72,74.0,0.000742757718447042,2.7605322224138807e-05,0.17661627255890083,0.017365523947967386,A,HSD
73,75.0,0.0007313339942152562,2.506511144434682e-05,0.17052160055132012,0.01619593812864866,A,ALA
74,76.0,0.0007408497638224027,2.680732748345711e-05,0.18139725201361076,0.013333256258022898,A,PRO
75,77.0,0.0006807153717516933,2.762045352122631e-05,0.13836843692122144,0.011517321099568354,A,SER
76,78.0,0.0006658290839422506,2.1090307973910622e-05,0.11569108842658397,0.011235519234268692,A,GLN
77,79.0,0.0007111522978843211,1.8297450910668617e-05,0.1354826204936038,0.010227544367697078,A,ILE
78,80.0,0.0007323802440638041,2.076713244086344e-05,0.15499418529525777,0.011755610177531477,A,VAL
79,81.0,0.0007205984003751026,2.0380720466555875e-05,0.14523840289443074,0.012743762924801814,A,ALA
80,82.0,0.0007489838228241353,1.8658338095695473e-05,0.15688934832234996,0.012021721131635745,A,ALA
81,83.0,0.0007939790676634714,1.7194439552944896e-05,0.1833354869276823,0.011456928203910909,A,ILE
82,84.0,0.0008221234079270662,1.9438271468475485e-05,0.20939397855020025,0.013824389737536613,A,LYS
83,85.0,0.0008350997472055351,2.421416413005941e-05,0.21826678726795018,0.0169545311654368,A,SER
84,86.0,0.0008871681498439409,2.4146379879943154e-05,0.2525520093035275,0.015711205527906592,A,ARG
85,87.0,0.0009489992242174844,2.328955381980539e-05,0.30617650859284135,0.01582970202737462,A,ALA
86,88.0,0.000991816569816156,2.619615676309543e-05,0.3390834302450789,0.018185493700402088,A,ASP
87,89.0,0.0010306943957172196,3.0337144447207973e-05,0.36507731403712806,0.01918076913925786,A,GLN
88,90.0,0.0010922545999954116,3.0378426864030494e-05,0.4196278588964982,0.018644832205700637,A,LEU
89,91.0,0.0011339395813643577,2.9898002979546098e-05,0.45641125037687913,0.01817624116487434,A,GLY
90,92.0,0.0010626813519073062,2.601422412697536e-05,0.4002885816427617,0.01772754051259589,A,ALA
91,93.0,0.0010144265251886045,2.160209249280996e-05,0.36486195460223114,0.016703080387028817,A,SER
92,94.0,0.0009338406926518806,1.8531283629926534e-05,0.3023431106516775,0.015838807678028543,A,VAL
93,95.0,0.00094961751505601,2.2577078923621027e-05,0.3251927466942325,0.01975060459937835,A,VAL
94,96.0,0.0008883692194020942,2.4257996174982475e-05,0.28634190463884224,0.017526826200476377,A,VAL
95,97.0,0.000940236093996914,3.1433767851042625e-05,0.34069862600680534,0.02222313526709594,A,SER
96,98.0,0.0009298558607152921,3.3694933985248706e-05,0.33962182883232095,0.02298353065980868,A,MET
97,99.0,0.0010125641436733931,3.614541864436402e-05,0.4000947581513546,0.026692784336985232,A,VAL
98,100.0,0.0011210240759707702,3.823242013434653e-05,0.47516905715639396,0.028831916141499016,A,GLU
99,101.0,0.0012335506041215435,4.221148554046792e-05,0.5268337855881466,0.030326468094913267,A,ARG
100,102.0,0.0012524127774669559,3.616776003679599e-05,0.5480036180385062,0.027453736850401235,A,SER
101,103.0,0.0012253530766745703,3.085064960027118e-05,0.540444501873627,0.02450555830776018,A,GLY
102,104.0,0.001229449048821342,3.0443993700263082e-05,0.5479390102080375,0.02406978617342478,A,VAL
103,105.0,0.0013011993327732858,3.8768874342012764e-05,0.586962139811345,0.027308259100523452,A,GLU
104,106.0,0.0011964908559674383,3.7894365486478654e-05,0.5249386225610546,0.028419501402277357,A,ALA
105,107.0,0.0010991389832872803,3.155586497374612e-05,0.45595899556359554,0.024975285091320645,A,CYS
106,108.0,0.0012109064491640001,3.544779275782814e-05,0.536977214971788,0.02686279281588674,A,LYS
107,109.0,0.0012275345704331662,4.230552380490696e-05,0.5464099582202697,0.029144446793890746,A,THR
108,110.0,0.0010820240052974522,3.727974300559842e-05,0.44883059826851,0.027250159913751938,A,ALA
109,111.0,0.0011276576687660237,3.237428395531248e-05,0.4754920963087392,0.02523136628208402,A,VAL
110,112.0,0.0012681673646711658,3.867832626529746e-05,0.5702287117198604,0.026709123100923014,A,HSD
111,113.0,0.0012097812051551024,3.892627124287547e-05,0.5323469871215059,0.027556478047093727,A,ASN
112,114.0,0.0011438164662667305,3.138684610988621e-05,0.48518327087909724,0.024574296996085775,A,LEU
113,115.0,0.0012854419841607902,3.2039988293241064e-05,0.578993840720162,0.022784734802595085,A,LEU
114,116.0,0.0013691649451046453,3.683612228479202e-05,0.6234224921393807,0.023188596373401614,A,ALA
115,117.0,0.0013019505425209638,3.1545254931875696e-05,0.5864668131110823,0.021671624473762818,A,GLN
116,118.0,0.001361058013418673,2.9366230220639854e-05,0.6216350088297365,0.01890481497811337,A,ARG
117,119.0,0.0012150928504973673,2.621932271787156e-05,0.5318301244777531,0.01965616703538739,A,VAL
118,120.0,0.0012488698355837236,3.0483473409285724e-05,0.5474867553947536,0.021277846912706108,A,SER
119,121.0,0.0011165623158715325,2.6186978305801752e-05,0.45216866950941104,0.02027988304456324,A,GLY
120,122.0,0.0010256770156478088,2.5078092492282557e-05,0.3803247620278244,0.021115104040734297,A,LEU
121,123.0,0.00092040335777479,2.2358146523242543e-05,0.29054141361933067,0.018609747685382736,A,ILE
122,124.0,0.0009331766724544099,2.4055642037331112e-05,0.31324029805745773,0.019669683951000452,A,ILE
123,125.0,0.0008513199049543929,2.312460419743178e-05,0.25067838221992506,0.017779342457498574,A,ASN
124,126.0,0.0009339911579025407,2.703361128823487e-05,0.32131627686608943,0.021231332911693854,A,TYR
125,127.0,0.0009759012990985208,2.6265608689611667e-05,0.34722401688417964,0.02132082365246615,A,PRO
126,128.0,0.0010646018185497862,2.5657493389298003e-05,0.4245595899556359,0.021343850378597783,A,LEU
127,129.0,0.001192934164248824,2.5421319980790592e-05,0.5172933626222164,0.020078310519840336,A,ASP
128,130.0,0.0012616974105694476,2.6971705527443372e-05,0.5574578972304777,0.020677095028780387,A,ASP
129,131.0,0.0013735995251749936,2.93302902455955e-05,0.629323340655554,0.019979054240679944,A,GLN
130,132.0,0.0012980799427103956,3.1276180481541506e-05,0.5860360942412886,0.023403247056032535,A,ASP
131,133.0,0.0012017194454515226,2.7289197307594768e-05,0.5221604858508849,0.021900724941361107,A,ALA
132,134.0,0.0013424465837540752,2.9988157920922505e-05,0.6137528535125122,0.02060018629332276,A,ILE
133,135.0,0.0013847030930786972,3.52766219298108e-05,0.6313477193435844,0.023625554567530002,A,ALA
134,136.0,0.0012483574743590903,3.354813155997368e-05,0.5507171469182066,0.02567286161941078,A,VAL
135,137.0,0.0012898861367607692,3.087921597474266e-05,0.5795753111943834,0.022195284388896317,A,GLU
136,138.0,0.0014346668071905711,3.566514724202862e-05,0.6577723220054272,0.021706360601838066,A,ALA
137,139.0,0.0013709592866676544,3.771567934004251e-05,0.6213119696773914,0.024848981016287713,A,ALA
138,140.0,0.001304459351946703,3.318150681319872e-05,0.5858638066933713,0.023174055604330942,A,CYS
139,141.0,0.0014696245850160862,4.0655457288919814e-05,0.6602058836197615,0.0227555893389941,A,THR
140,142.0,0.0013866665149648882,4.027397368880564e-05,0.6211612180729637,0.023092425788616384,A,ASN
141,143.0,0.0012893039646156102,3.257093113191913e-05,0.573609854847741,0.021914111822556353,A,VAL
142,144.0,0.0011900397823542714,2.9748930192343857e-05,0.505060946720076,0.02090154144438594,A,PRO
143,145.0,0.001081601912002817,2.7095916980999847e-05,0.42079079984494117,0.021152002783026973,A,ALA
144,146.0,0.0009884093227980984,2.482563310495126e-05,0.33899728647112026,0.019993805701542248,A,LEU
145,147.0,0.0009518293380184987,2.3331909602247863e-05,0.3128741870181333,0.0190064550401738,A,PHE
146,148.0,0.0008671557392348916,2.0649464384596944e-05,0.24914933023215738,0.016559745829460425,A,LEU
147,149.0,0.000962934656453255,2.770871788424523e-05,0.34703019339277247,0.02290761066352732,A,ASP
148,150.0,0.0010750309026586174,2.7257865926995246e-05,0.430955765172072,0.022577404069063577,A,VAL
149,151.0,0.0012353618184424325,3.437506971125097e-05,0.5419735538613947,0.02441395385717889,A,SER
150,152.0,0.0013924459119001478,3.709784952569524e-05,0.6263513804539781,0.02365458942949824,A,ASP
151,153.0,0.0014250022410693384,4.674063811142485e-05,0.6268251712107509,0.025351001565957803,A,GLN
152,154.0,0.0014087347554537874,4.1623389192465e-05,0.6228840935521385,0.023222755622554138,A,THR
153,155.0,0.0013305356443997645,4.634590308704599e-05,0.5610759357367444,0.027654297284395855,A,PRO
154,156.0,0.0012559323132528648,4.384035952909822e-05,0.5237972175561011,0.028200493870470987,A,ILE
155,157.0,0.0011383476407017593,3.441433139479598e-05,0.4536115777232201,0.025724902458303132,A,ASN
156,158.0,0.0009716183823914874,2.6199592402897307e-05,0.32394366197183083,0.020393808478227773,A,SER
157,159.0,0.0008833302129409477,2.097162359841167e-05,0.24792178145324545,0.015080090049315565,A,ILE
158,160.0,0.0008453618604555921,2.05561730690772e-05,0.22298315889219109,0.014827310419817953,A,ILE
159,161.0,0.0008105204184528271,2.0115351438287607e-05,0.1909807468665202,0.013033335727296914,A,PHE
160,162.0,0.0008898050811405098,2.5926763697657944e-05,0.2540595253478055,0.017444763331453266,A,SER
161,163.0,0.0009027547414891157,2.628680440669641e-05,0.2717836068398156,0.018007458782840262,A,HSD
162,164.0,0.0010161857723828538,2.9996869556892676e-05,0.36701554895119953,0.019174747297845535,A,GLU
163,165.0,0.0009558879992431271,3.297996007491488e-05,0.30968686738166,0.020531801671188364,A,ASP
164,166.0,0.0008481138618825211,3.063686911424674e-05,0.22576129560236033,0.019939822268862182,A,GLY
165,167.0,0.0009253063152124169,3.150705214889841e-05,0.2824438988672094,0.02033686640453453,A,THR
166,168.0,0.0009946091842952998,3.982633759594501e-05,0.34082784166774344,0.02366405214286092,A,ARG
167,169.0,0.0009233398061411266,4.463403279061686e-05,0.2906706292802687,0.025551310536237444,A,LEU
168,170.0,0.0008791888286707187,4.464062714684171e-05,0.25046302278502813,0.026958157192523566,A,GLY
169,171.0,0.0009981976029570917,4.911648701251571e-05,0.32810009906534,0.029059640309722898,A,VAL
170,172.0,0.0010412847179401394,5.851018353896565e-05,0.3609424128871086,0.03169596586553875,A,GLU
171,173.0,0.0009821856271462915,6.0169273361689966e-05,0.3201748718611364,0.03266569527260894,A,HSD
172,174.0,0.0010200787877099082,6.003789489913348e-05,0.33441013050781754,0.033723495152780066,A,LEU
173,175.0,0.0011379374217741836,6.58216105314839e-05,0.4056725675151827,0.03510269208720422,A,VAL
174,176.0,0.0011675391104077942,7.025387193872826e-05,0.41812034285222033,0.03582593771971841,A,ALA
175,177.0,0.0011626415283958894,6.977546998467935e-05,0.4071800835594608,0.035810132725933745,A,LEU
176,178.0,0.001245563554909214,7.296336105135129e-05,0.4557651720721883,0.03608019980973241,A,GLY
177,179.0,0.0012141706016439227,6.62595437637768e-05,0.44667700391954174,0.03416871607488511,A,HSD
178,180.0,0.0013332200532050777,6.632244521472103e-05,0.518822414609984,0.032301012264011435,A,GLN
179,181.0,0.0013440149974037622,5.922115852977015e-05,0.5432872464142654,0.028901796679137098,A,GLN
180,182.0,0.0012337993194851684,5.011919920128647e-05,0.484924839557221,0.026792442110147027,A,ILE
181,183.0,0.0012415515336150465,4.314734321638248e-05,0.505663953137787,0.023525850699109885,A,ALA
182,184.0,0.0011836725493867732,3.673503377218895e-05,0.4754490244217597,0.021577867315147006,A,LEU
183,185.0,0.0011564862063137872,3.282732675636329e-05,0.46638239221260286,0.020847769321247395,A,LEU
184,186.0,0.0011597044106614086,3.162311447572809e-05,0.47480294611706947,0.021204895639938798,A,ALA
185,187.0,0.0012819205911125868,3.0285895023536695e-05,0.5652539087737436,0.02110538409828643,A,GLY
186,188.0,0.0015083628183607573,4.858914568123623e-05,0.6584614721970969,0.02319397289632715,A,PRO
187,189.0,0.0016425665550465574,6.972818062264827e-05,0.6827755523969508,0.027217616780801233,A,LEU
188,190.0,0.0016093095828291929,7.241023096965659e-05,0.6610673213593485,0.029657031975437648,A,SER
189,191.0,0.0014385590123845477,7.684251625767954e-05,0.5763449196709308,0.03400388324607022,A,SER
190,192.0,0.001377393327399648,6.23916711825811e-05,0.5733729594693542,0.031288608729803595,A,VAL
191,193.0,0.0012062077431075312,5.835297258364579e-05,0.47883016754964025,0.029894184928730597,A,SER
192,194.0,0.001218933990424103,5.28382519761258e-05,0.4935822888400739,0.029166592338628908,A,ALA
193,195.0,0.0013339902620385703,4.3590421977371896e-05,0.5781108670370849,0.025894115673920803,A,ARG
194,196.0,0.0012310075894275687,3.599913495628381e-05,0.5273721841753888,0.023637498506844455,A,LEU
195,197.0,0.0010986222415931997,3.183378554868829e-05,0.4337769737692208,0.022268796344149647,A,ARG
196,198.0,0.0012319155104435436,3.2578077459386885e-05,0.5317439807037945,0.021667253925990733,A,LEU
197,199.0,0.001310976410980589,3.4004477709592514e-05,0.5859714864108195,0.0208839700384012,A,ALA
198,200.0,0.0011686588686803331,3.10854777212026e-05,0.48893052504630224,0.019337242777769992,A,GLY
199,201.0,0.0011200059701671435,3.535930005235206e-05,0.4350691303786018,0.02041321088156906,A,TRP
200,202.0,0.0012949402441398972,4.09721698883127e-05,0.5591377008226729,0.020765251412375278,A,HSD
201,203.0,0.0013022615235654272,4.317293578925784e-05,0.5631003144247753,0.021842288259916683,A,LYS
202,204.0,0.0011899384063551208,4.77701151061402e-05,0.4655855623034845,0.02611544725140601,A,TYR
203,205.0,0.0012491942206008188,5.3309577649228995e-05,0.49209630873928567,0.028140631896105193,A,LEU
204,206.0,0.0014111261396704267,5.599105881792195e-05,0.5986992290132231,0.024496975940550614,A,THR
205,207.0,0.0013693213718383858,6.194219857164353e-05,0.5613128311151315,0.029113925100515185,A,ARG
206,208.0,0.0013295636280270104,6.891978305811342e-05,0.5197269242365506,0.03343561686060806,A,ASN
207,209.0,0.001475635353881175,7.048358132626914e-05,0.5990868759960373,0.029928799943096607,A,GLN
208,210.0,0.0014157426200859776,6.321067650322132e-05,0.5791015204376104,0.028735170948072448,A,ILE
209,211.0,0.0014977729620309773,5.7067716041860686e-05,0.6454752982728172,0.022897789628221765,A,GLN
210,212.0,0.0014141129959572916,4.975488502951873e-05,0.6116207951070336,0.021848211106990197,A,PRO
211,213.0,0.0015225574213492464,5.068620195308655e-05,0.6752810440625406,0.01948632405180429,A,ILE
212,214.0,0.0014952100655308423,4.562564991305006e-05,0.6718352931041911,0.018890067536652386,A,ALA
213,215.0,0.001448504158687342,4.088045004217233e-05,0.6568893483223502,0.018638188946436953,A,GLU
214,216.0,0.001447269233914428,3.8059033001926064e-05,0.6618856872119565,0.0193004605813067,A,ARG
215,217.0,0.0014565307947269582,3.654706275857998e-05,0.6671404574234397,0.020006887859053413,A,GLU
216,218.0,0.0014181489739927475,4.0951723580340835e-05,0.6311108239651978,0.021760828133233073,A,GLY
217,219.0,0.0013820994376200436,3.8634566967601926e-05,0.6204936038247838,0.021994407202808777,A,ASP
218,220.0,0.0013248628784777565,3.077272036158125e-05,0.597751647499677,0.019631093983615202,A,TRP
219,221.0,0.0012734703606996445,2.9240617737913513e-05,0.5683550846362578,0.01916484359630924,A,SER
220,222.0,0.001168490350911899,3.2221599975824524e-05,0.4933669294051772,0.02232488271140219,A,ALA
221,223.0,0.0013456619751068446,3.7008302173152476e-05,0.6054399793254941,0.02104665190816813,A,MET
222,224.0,0.001381123986922878,3.681369723455771e-05,0.6261575569625704,0.020546827345853006,A,SER
223,225.0,0.0012115557699046002,3.39730013721249e-05,0.5161519576172634,0.021873361074116946,A,GLY
224,226.0,0.0012759675510080016,3.738470794336452e-05,0.5577163285523539,0.022578780669660042,A,PHE
225,227.0,0.0014685099019761394,4.090097285561454e-05,0.6728474824482062,0.01966385092117724,A,GLN
226,228.0,0.0014277278511804874,3.930586196035542e-05,0.6502993496145066,0.019510719237774025,A,GLN
227,229.0,0.0013054549324652432,3.985746759758136e-05,0.5691519145453762,0.022040847257524827,A,THR
228,230.0,0.0014588378121444129,4.450909032022358e-05,0.6593444458801742,0.021184543827596932,A,MET
229,231.0,0.00160373389913478,4.673214614123984e-05,0.7289701511823234,0.01810266333099931,A,GLN
230,232.0,0.0015063226823051762,4.56327359829118e-05,0.6820433303183012,0.019241091541375443,A,MET
231,233.0,0.0014895405879914616,4.890262229532775e-05,0.6683680062023519,0.02165715769086841,A,LEU
232,234.0,0.0016848846764366053,5.3630880328871106e-05,0.7558900805444285,0.019029848156204756,A,ASN
233,235.0,0.0017460399952730465,5.316256674504731e-05,0.7771029848817678,0.017661295868530453,A,GLU
234,236.0,0.001736229490157539,6.171251842828836e-05,0.7559116164879183,0.019797458000056754,A,GLY
235,237.0,0.00165784713712318,6.294520142101474e-05,0.7176207089632599,0.021982815014087782,A,ILE
236,238.0,0.0014836880824241156,5.703104325832452e-05,0.6409527501399837,0.025255561355560025,A,VAL
237,239.0,0.0013147732831227691,5.3966724629190024e-05,0.539496920360081,0.027479829896308806,A,PRO
238,240.0,0.001227527803704746,5.866353307511985e-05,0.4706895809105398,0.030655432651678572,A,THR
239,241.0,0.0010810801939140325,5.278198302719096e-05,0.3783219192832837,0.02997878942891312,A,ALA
240,242.0,0.0010253517261561058,4.355243920608513e-05,0.3504328724641426,0.026277789771992924,A,MET
241,243.0,0.0009422170675170086,3.6740234725329685e-05,0.2903260541844338,0.023520501869450677,A,LEU
242,244.0,0.00091359397339651,3.0242316954453138e-05,0.27426024034112917,0.02043772545884594,A,VAL
243,245.0,0.0008901720142084509,2.5364484112222376e-05,0.2605633802816902,0.018796829360279335,A,ALA
244,246.0,0.000861782894785113,2.5788307041681378e-05,0.2503553430675798,0.017946755599342574,A,ASN
245,247.0,0.0007921144256980056,2.671769591488464e-05,0.20413920833871727,0.017272139319180868,A,ASP
246,248.0,0.0009418864145913014,2.9274254651531654e-05,0.31892578713873454,0.020866019944970136,A,GLN
247,249.0,0.0010005474213689199,2.9592940250852902e-05,0.3571090149459448,0.020537711122158273,A,MET
248,250.0,0.000873968068706966,3.052121724595988e-05,0.2580652108368867,0.018623612822839197,A,ALA
249,251.0,0.0009222992665578576,3.1233675607937044e-05,0.2988542878063488,0.020175919008375495,A,LEU
250,252.0,0.0010757736680787502,3.4674634150132465e-05,0.41454537623293275,0.023034153207055288,A,GLY
251,253.0,0.0010615385598742619,3.578681695243476e-05,0.39393547831330483,0.023102787860306957,A,ALA
252,254.0,0.0010105483161353085,3.615654924436877e-05,0.35809966834647017,0.022154663235444287,A,MET
253,255.0,0.001122562615351431,3.739499556463023e-05,0.44859370289012357,0.023199856530716944,A,ARG
254,256.0,0.0012366795365257477,4.1694202954849505e-05,0.5247878709566266,0.024801683043055044,A,ALA
255,257.0,0.001193078682426682,4.334960889970192e-05,0.4851832708790972,0.025201081229531706,A,ILE
256,258.0,0.0012149378683993235,4.2436208649778795e-05,0.5074729723909206,0.024198520022360934,A,THR
257,259.0,0.001365273898965824,4.5933725505658536e-05,0.6059999138562264,0.025158600631430734,A,GLU
258,260.0,0.0014251585431790826,5.086626618414919e-05,0.6311108239651979,0.025376908439248374,A,SER
259,261.0,0.0014061812877231268,5.220384759171727e-05,0.6156695524830941,0.02569718607131247,A,GLY
260,262.0,0.001287975754654773,5.2208598737716754e-05,0.5335529999569282,0.02691680831531314,A,LEU
261,263.0,0.001223045793926259,5.259841813433531e-05,0.4810699056725672,0.02820367372188731,A,ARG
262,264.0,0.0011076772897000763,4.879448908384527e-05,0.40140845070422526,0.02882686416276358,A,VAL
263,265.0,0.0010703716056407445,5.125969851369437e-05,0.3710212344402807,0.029164035468849055,A,GLY
264,266.0,0.001201653992986628,5.742120843990938e-05,0.45475298272817327,0.030197176357295515,A,ALA
265,267.0,0.00121973330936581,5.8358972369127436e-05,0.4672653658956798,0.030484692729301818,A,ASP
266,268.0,0.0011126402819818552,5.297115767669524e-05,0.40076237239953477,0.02962054593626893,A,ILE
267,269.0,0.0009681342388974336,5.137041827070063e-05,0.3060903648188827,0.029705995363330736,A,SER
268,270.0,0.0008696742000093167,4.276930576906791e-05,0.24408838351208156,0.026343120864927568,A,VAL
269,271.0,0.000787565065677,3.851742185776928e-05,0.19173450488865917,0.0236766189030568,A,VAL
270,272.0,0.0007293239524265607,3.0382263633672362e-05,0.1551234009561959,0.017585048591553867,A,GLY
271,273.0,0.0007262485985099227,2.3519106449595693e-05,0.14594908902959036,0.013402039042519718,A,TYR
272,274.0,0.0007081131875068141,2.1755411743405593e-05,0.14026359994831372,0.013650812219358354,A,ASP
273,275.0,0.0006642434745796268,2.2654428571095892e-05,0.11233148124219318,0.011916362894636368,A,ASP
274,276.0,0.0007363298296146057,2.9991909220266196e-05,0.17153378989533527,0.02020188851400121,A,THR
275,277.0,0.000906422063461911,3.425161406046361e-05,0.3106129129517164,0.02442983578169296,A,GLU
276,278.0,0.0008643320966579351,4.1103024546376605e-05,0.2594650471637162,0.026809894302220142,A,ASP
277,279.0,0.0009606463939127126,4.457999071797581e-05,0.32960761510961784,0.02835331474953561,A,SER
278,280.0,0.0008709579202704436,3.389440599387214e-05,0.2525089374165481,0.02087349526001722,A,SER
279,281.0,0.0008241864311335974,3.155420933305955e-05,0.21518714734892522,0.01922497472205969,A,CYS
280,282.0,0.0008185413365867073,2.8670729540223874e-05,0.2007365292673472,0.01669293317321732,A,TYR
281,283.0,0.0009010125274188845,3.4177256013957634e-05,0.266851875780678,0.020451315448576382,A,ILE
282,284.0,0.0009223266979785237,3.8566412278089235e-05,0.2800749450833441,0.02302370326609944,A,PRO
283,285.0,0.0008186662217276775,3.5708608570260535e-05,0.21178446827755523,0.020840104513574514,A,PRO
284,286.0,0.0007547038654680253,3.451734099871985e-05,0.17269673084377823,0.01988557600572133,A,LEU
285,287.0,0.000742344393839286,4.045092998051447e-05,0.17125382262996933,0.02363938599408459,A,THR
286,288.0,0.0006794758253109083,3.3108020033034844e-05,0.13016324245165178,0.01867818758647872,A,THR
287,289.0,0.0006994742951648111,2.9483228281603854e-05,0.13233837274410987,0.01689407752097356,A,ILE
288,290.0,0.000752502568619693,2.5634371334192845e-05,0.16763578412370245,0.017353366448300482,A,LYS
289,291.0,0.00085666893442689,2.8893561830936954e-05,0.24034112934487656,0.02161945486443454,A,GLN
290,292.0,0.0007573959234611309,1.7173930598914205e-05,0.16759271223672315,0.012183071321423718,A,ASP
291,293.0,0.0007244213634191254,1.72464111461401e-05,0.1458629452556316,0.011058761053844618,A,PHE
292,294.0,0.0007579309788700901,1.9986172892319464e-05,0.16701124176250154,0.013654541764106838,A,ARG
293,295.0,0.0007815574430862984,1.8838845854196156e-05,0.17325666537451004,0.011992262901147166,A,LEU
294,296.0,0.0007473047449996986,1.6373271193932732e-05,0.146315200068915,0.01133944569928403,A,LEU
295,297.0,0.0007553437960017533,1.6278432115273565e-05,0.15413274755567033,0.011840753043684125,A,GLY
296,298.0,0.0008214331678577068,1.959604894155421e-05,0.19808760821811605,0.012347582873871034,A,GLN
297,299.0,0.0008594731223174138,2.2182318003532665e-05,0.22539518456303567,0.013758376535374659,A,THR
298,300.0,0.0008513032538491153,2.169442543458269e-05,0.2222724727570315,0.015166872473110259,A,SER
299,301.0,0.0009205691690537155,2.3488857503854232e-05,0.27848128526510735,0.015573828876915904,A,VAL
300,302.0,0.0009974242819923182,2.9163785431392656e-05,0.3391265021320584,0.018257147921286725,A,ASP
301,303.0,0.0010093328171822508,3.0962216098288175e-05,0.34619029159667475,0.020716164992205976,A,ARG
302,304.0,0.0010398034560217338,2.9036566183214913e-05,0.3788603178705258,0.019960975499574204,A,LEU
303,305.0,0.0011480896461912573,3.211410418364213e-05,0.4665977516474999,0.01992187355203234,A,LEU
304,306.0,0.0012158831625434434,3.6362517191499414e-05,0.5133953568505836,0.021121508427010733,A,GLN
305,307.0,0.001231350577901883,3.602364915940838e-05,0.5267691777576774,0.021790363053648596,A,LEU
306,308.0,0.0012977455878703085,3.633251826712635e-05,0.571499332385752,0.02010233173300072,A,SER
307,309.0,0.0014463314278478539,4.181386857974767e-05,0.653422061420511,0.018667934562410126,A,GLN
308,310.0,0.0014882079703631096,4.343123862992434e-05,0.6745918938708704,0.018510844367850533,A,GLY
309,311.0,0.0015178734256955265,4.5003345994654635e-05,0.6862213033553001,0.019252530890656972,A,GLN
310,312.0,0.0016005698508958263,5.4101561309939625e-05,0.6943834259378902,0.025221612611781477,A,ALA
311,313.0,0.0015952753926796448,5.222527808237362e-05,0.6953094715079468,0.02493040375385281,A,VAL
312,314.0,0.0014019117368218239,5.013527473873086e-05,0.6027264504457943,0.02873141114414592,A,LYS
313,315.0,0.001259746475546803,4.029795097096887e-05,0.5335745359004179,0.0264313000456657,A,GLY
314,316.0,0.0011147404807082817,3.4447178549357046e-05,0.4339923332041176,0.024566837694640152,A,ASN
315,317.0,0.0010389426687579292,3.0150669833463538e-05,0.372377998880131,0.021377366749882512,A,GLN
316,318.0,0.0009824019674556646,2.7211291840362072e-05,0.3287461773700305,0.01981747336012513,A,LEU
317,319.0,0.0008858138626509929,2.3703798114252486e-05,0.2441529913425507,0.015232903422710511,A,LEU
318,320.0,0.0008647238038816379,2.9285564691821167e-05,0.22281087134427355,0.017720593754010867,A,PRO
319,321.0,0.0008219564706896269,2.970191903874662e-05,0.20110264030667185,0.01825776485487471,A,VAL
320,322.0,0.0008215863963253016,3.691410101610125e-05,0.20351466597751647,0.022285828272502323,A,SER
321,323.0,0.0008146050101901862,4.2387054719341985e-05,0.20579747598742298,0.02556100060957099,A,LEU
322,324.0,0.0008137954751662069,4.4101193114826224e-05,0.21350734375672992,0.0257571088006428,A,VAL
323,325.0,0.0008609287104146772,5.1307799607891505e-05,0.24335616143343242,0.028790299522452264,A,LYS
324,326.0,0.0008607345561066534,4.6738291076040006e-05,0.24159021406727826,0.026923293435468808,A,ARG
325,327.0,0.0009281116594200534,4.5717516738513886e-05,0.27996726536589556,0.02721634335234434,A,LYS
326,328.0,0.0008829700721119139,4.515154469973827e-05,0.25265968902097585,0.026891167573776707,A,THR
327,2.0,0.0036858759762353082,0.0002594481237589534,0.8616530990222682,0.018625624933083923,B,LYS
328,3.0,0.0031092469806942202,0.00021265130441994258,0.8383942800534091,0.020060191427239978,B,PRO
329,4.0,0.003232349271050438,0.00018170303429825783,0.8669294051772406,0.015385107662960694,B,VAL
330,5.0,0.0032512940566235197,0.00017492177347128648,0.8712365938751784,0.01591752538052491,B,THR
331,6.0,0.0035968966990697657,0.00016299066677195466,0.8850842055390448,0.016041514949316552,B,LEU
332,7.0,0.004361319481300303,0.00021411952683431833,0.907632338372744,0.014265694327110919,B,TYR
333,8.0,0.004304859650162061,0.0002172612972491262,0.9119610630141708,0.011593724713116267,B,ASP
334,9.0,0.004242399111177267,0.0001880790327482408,0.911465736313908,0.011132687234217915,B,VAL
335,10.0,0.004934483624436067,0.00022074448802492477,0.9275961579876817,0.011213648697257553,B,ALA
336,11.0,0.00546810517001909,0.00026272443579523127,0.9444588017401042,0.009201998939592247,B,GLU
337,12.0,0.005473725964418048,0.0002543257710042335,0.9488090623250206,0.007401389820412889,B,TYR
338,13.0,0.005653617270266175,0.0002523639471462855,0.9553559891458843,0.006776737520659915,B,ALA
339,14.0,0.006328309929326269,0.00029462936472739914,0.9676530128784941,0.006703455124825566,B,GLY
340,15.0,0.0060700359556141986,0.0002754478354346591,0.9611276220011197,0.008288841456188854,B,VAL
341,16.0,0.006060697907332687,0.000272495390367404,0.9546668389542146,0.010745959817481969,B,SER
342,17.0,0.005330746769425188,0.0002340058860497069,0.9305896541327474,0.01401783525768349,B,TYR
343,18.0,0.005713295454132061,0.00025126160411951214,0.9364258948184522,0.015401631194469445,B,GLN
344,19.0,0.005619123686607352,0.0002483141294805719,0.9401516130421678,0.01311476668001148,B,THR
345,20.0,0.0047000363413411015,0.00019463177954833887,0.9157944609553345,0.013884368721259189,B,VAL
346,21.0,0.004489881965174699,0.0001863010450690221,0.9033251496748074,0.017083434611153674,B,SER
347,22.0,0.004883343075750161,0.00022005077419269637,0.9162251798251281,0.016233278549581894,B,ARG
348,23.0,0.004323397141675811,0.00019254197076960683,0.9078046259206614,0.013837569718084435,B,VAL
349,24.0,0.003529580010585507,0.00014196322708361097,0.8800232588189689,0.01637945404749422,B,VAL
350,25.0,0.003889468178575591,0.00017632394438935948,0.8863548262049359,0.018100663733991194,B,ASN
351,26.0,0.0040585893801927874,0.00020925409807389712,0.897768876254469,0.015319974085420797,B,GLN
352,27.0,0.004989437295619687,0.0002479674724412894,0.9237842959900073,0.01453215858791245,B,ALA
353,28.0,0.005550431447614277,0.00030022075795918974,0.9357367446267819,0.012911885137244181,B,SER
354,29.0,0.006233333286425535,0.00031477454452592265,0.9586940603867856,0.010383114995939175,B,HSD
355,30.0,0.005978959032457816,0.00029576030360188647,0.9559159236766159,0.009314404572138299,B,VAL
356,31.0,0.0064622324755499675,0.00032852067192132376,0.9700219666623596,0.0065453671008189026,B,SER
357,32.0,0.006130026625660664,0.0003158509471447023,0.9654132747555672,0.00569418537565494,B,ALA
358,33.0,0.006566616755233818,0.00032418702902343256,0.9752982728173325,0.0050462442656740505,B,LYS
359,34.0,0.006163105225236933,0.0002929746245701761,0.96655467976052,0.006242499131228429,B,THR
360,35.0,0.005269577769654763,0.0002459114429679566,0.9466770039195421,0.0071100928730088156,B,ARG
361,36.0,0.0055134603348751055,0.0002510618913188229,0.9571650083990182,0.005418096584988622,B,GLU
362,37.0,0.0057264542489850745,0.0002547779596742972,0.9611491579446101,0.005440285511661176,B,LYS
363,38.0,0.0048369774406032354,0.00020195102681612784,0.9361889994400652,0.007674858115868091,B,VAL
364,39.0,0.004400172714765469,0.00017233973120450868,0.927273118835336,0.007061349365943254,B,GLU
365,40.0,0.005111672308524641,0.0002075578050048584,0.9493689968557523,0.005198772170326344,B,ALA
366,41.0,0.0048170729136862754,0.00019783555854442864,0.9373304044450188,0.006614786791113385,B,ALA
367,42.0,0.003872516323653454,0.0001419028107386617,0.908515312055821,0.008855208552920013,B,MET
368,43.0,0.004332575765009048,0.00016085846121112124,0.9281560925184137,0.0062860970079536204,B,ALA
369,44.0,0.004988204470030161,0.0002104121285109065,0.9436619718309859,0.00569718198246903,B,GLU
370,45.0,0.004270479139779513,0.0001874378879629593,0.919175604083215,0.008271151391218394,B,LEU
371,46.0,0.0037413520845148277,0.00015130780565430279,0.9062755739328943,0.00923097105909381,B,ASN
372,47.0,0.0029454248700126018,0.0001097285462239516,0.8769651548434336,0.012532951171988466,B,TYR
373,48.0,0.002294661102050372,7.155955356076413e-05,0.8442735926260931,0.01451437595230008,B,ILE
374,49.0,0.0021521940693169607,5.0347490070912966e-05,0.8329887582374985,0.016843473685209297,B,PRO
375,50.0,0.0019729151841000095,7.348933654227198e-05,0.7448206055907308,0.02919928211752173,B,ASN
376,51.0,0.0018125759930122712,7.771988589479782e-05,0.6952448636774777,0.03158786300810744,B,ARG
377,52.0,0.002452421598502943,0.00013452908213062051,0.7744971357195158,0.02876403322461107,B,VAL
378,53.0,0.0023663844077097007,0.00012620999747758578,0.7726881164663825,0.028821398194230328,B,ALA
379,54.0,0.0017418493364021563,9.144144147766689e-05,0.6743765344359737,0.02978413999503839,B,GLN
380,55.0,0.002090436042865248,0.00011998668581251844,0.7424947236938447,0.02696248373274241,B,GLN
381,56.0,0.002667634259758059,0.00017969067737570442,0.8021277512167808,0.023907048830898035,B,LEU
382,57.0,0.0023519224532373923,0.00017642880955948682,0.7568376620579749,0.027428613745242986,B,ALA
383,58.0,0.002074504675756109,0.00015332024694760253,0.7002196666235949,0.028802620871071827,B,GLY
384,59.0,0.0016146156933145581,0.00010742345365881278,0.5687211956755824,0.03521966891428828,B,LYS
385,60.0,0.0015679168354954095,5.5506997104259504e-05,0.6625748374036267,0.024207581810113475,B,GLN
386,61.0,0.0013898937435998814,4.885590778276649e-05,0.6010251109101088,0.02857952590690386,B,SER
387,62.0,0.0013237894986553335,3.647486018193788e-05,0.5865744928285308,0.02170345756657121,B,LEU
388,63.0,0.0012131638231034298,3.076981497093387e-05,0.5189731662144119,0.021495885067137458,B,LEU
389,64.0,0.0011078651707775115,2.7342847751722934e-05,0.4428866778653573,0.020597916736219253,B,ILE
390,65.0,0.001020754833151323,2.5360874596605544e-05,0.3701597967006935,0.019911270656321745,B,GLY
391,66.0,0.0009117275138234931,2.0364101514614867e-05,0.2880217082310375,0.015700909749520483,B,VAL
392,67.0,0.0008551482858719011,2.0617074456852528e-05,0.24053495283628368,0.01512921368868092,B,ALA
393,68.0,0.00077293892679772,2.0890489455174156e-05,0.1845414997631046,0.013621959596210468,B,THR
394,69.0,0.0007392596096359747,2.1680192195846036e-05,0.15981823663694705,0.015117899689120686,B,SER
395,70.0,0.0006745199821741141,2.1978562186367665e-05,0.1250376879011069,0.013934958907005416,B,SER
396,71.0,0.0006551973590067355,2.4004161176991834e-05,0.11642331050523319,0.011626205998913163,B,LEU
397,72.0,0.0005994023277844662,2.1957455156977897e-05,0.08386096394883055,0.011193517243366632,B,ALA
398,73.0,0.0005935523354667523,1.7498464775333553e-05,0.07617263212301324,0.009000757599237,B,LEU
399,74.0,0.0006282607439676055,1.297135454150475e-05,0.07882155317224442,0.006327665017332369,B,HSD
400,75.0,0.000659699759220242,1.211299636473685e-05,0.09081707369599859,0.006991637621711806,B,ALA
401,76.0,0.000674296348328317,1.6304458253237262e-05,0.11007020717577636,0.009073279825963834,B,PRO
402,77.0,0.0007029630346874226,2.1529374673211513e-05,0.13989748890898904,0.013107719172253488,B,SER
403,78.0,0.0007659248851004127,1.887226982526116e-05,0.17183529310419088,0.012455296273696993,B,GLN
404,79.0,0.0007883883932490802,1.857123792270372e-05,0.1832708790972132,0.01235643783336875,B,ILE
405,80.0,0.0008245916888016862,2.2681563757746275e-05,0.2238661325752681,0.016502795503672122,B,VAL
406,81.0,0.0008848086166824465,2.6062390854819778e-05,0.2726235086359134,0.019561286762565664,B,ALA
407,82.0,0.0009482896472455467,2.6198554345775405e-05,0.3142740233449626,0.019052496529206996,B,ALA
408,83.0,0.0009717742274379496,2.5607493626642617e-05,0.33361330059869926,0.019171516904514047,B,ILE
409,84.0,0.0010190730977149792,2.8394780974652972e-05,0.3778481285265108,0.022361214538099933,B,LYS
410,85.0,0.0010943452967549366,3.126674601513992e-05,0.4340354050910971,0.022944480651703233,B,SER
411,86.0,0.0011457592607819309,3.256725141990427e-05,0.4704742214756428,0.022142641176419547,B,ARG
412,87.0,0.0011604358338521013,3.246762348727431e-05,0.4797131412327174,0.023207085996403642,B,ALA
413,88.0,0.0012462540270815315,3.595856486971517e-05,0.5381401559202307,0.024223999198773844,B,ASP
414,89.0,0.0013326162576656614,3.88796022040173e-05,0.5942412887108582,0.02289517917662922,B,GLN
415,90.0,0.001339035742663831,3.617672987052672e-05,0.604643149416376,0.02003447644491783,B,LEU
416,91.0,0.0013667100595728613,3.8956158879895207e-05,0.6119222983158894,0.022483362333774785,B,GLY
417,92.0,0.0012593374856645961,3.4687289991573433e-05,0.5476590429426712,0.02286007367624815,B,ALA
418,93.0,0.001186244554990323,3.224392866198435e-05,0.49847094801223246,0.023804911340253185,B,SER
419,94.0,0.0010533409374909467,2.80983464600314e-05,0.4010208037214111,0.022916757900372356,B,VAL
420,95.0,0.001016836773907493,2.5565775366956387e-05,0.37806348796140765,0.021051463209451518,B,VAL
421,96.0,0.0009085613882372661,2.0629879965062506e-05,0.2956454322263858,0.0168756703045404,B,VAL
422,97.0,0.0009049052747690661,1.925091977892975e-05,0.28373605547659037,0.016268675843867382,B,SER
423,98.0,0.0008596785450860861,1.8242151820009485e-05,0.24994616014127571,0.015205055024211907,B,MET
424,99.0,0.0008517710614403816,2.0412392800169243e-05,0.23655080329069217,0.016041419538490385,B,VAL
425,100.0,0.0008757172074250662,2.2324006854298127e-05,0.2506568462764353,0.01770104837408753,B,GLU
426,101.0,0.0009511016935628716,2.9389390840296297e-05,0.31429555928845243,0.02183840757248362,B,ARG
427,102.0,0.0009215653359250137,3.189492243024948e-05,0.28373605547659025,0.022340339513623037,B,SER
428,103.0,0.0009757506069506466,3.579846616299289e-05,0.329327647844252,0.023526210060808007,B,GLY
429,104.0,0.0010058199275979592,3.796786878266785e-05,0.3500452254813282,0.02481301171884502,B,VAL
430,105.0,0.001022670142629017,4.02809576678538e-05,0.34985140198992115,0.02556832509671954,B,GLU
431,106.0,0.0009589455968702998,3.515118807139082e-05,0.30839471077227887,0.0236417259438882,B,ALA
432,107.0,0.0009200140319939479,2.994597181367879e-05,0.27983804970495746,0.02073729344031721,B,CYS
433,108.0,0.0010108310029118394,3.42039944705416e-05,0.3465348666925097,0.022729568909898815,B,LYS
434,109.0,0.0010292967002392304,3.50343957212892e-05,0.36178231468320626,0.024147765550706277,B,THR
435,110.0,0.0009584783988344396,2.906466741461161e-05,0.31408019985355556,0.021745557521395315,B,ALA
436,111.0,0.0010089886746186562,2.942133090458239e-05,0.35288797002196653,0.021620925860427697,B,VAL
437,112.0,0.0011085105648214366,3.516303006810263e-05,0.42529181203428507,0.02468979597959669,B,HSD
438,113.0,0.0010847458023364308,3.3059368185723246e-05,0.4106904423482792,0.024780917643162856,B,ASN
439,114.0,0.0010634728572267943,3.074959749779259e-05,0.39701511823232966,0.02394867936026198,B,LEU
440,115.0,0.0011616316175741329,3.741198574304154e-05,0.4657578498514019,0.02667553470682655,B,LEU
441,116.0,0.0012205733734331433,3.945178257599222e-05,0.5032949993539216,0.026760473603704867,B,ALA
442,117.0,0.001191215255632411,3.7178846811425874e-05,0.48669078692337503,0.02613349961626897,B,GLN
443,118.0,0.0012559566210919497,3.9844018249922705e-05,0.5293319550329496,0.0258348695249858,B,ARG
444,119.0,0.0011818190079250902,3.408190898027582e-05,0.4853555584270147,0.02403688195767286,B,VAL
445,120.0,0.0012767235399233944,3.60124506736955e-05,0.555519662316406,0.022189670365443642,B,SER
446,121.0,0.0011369981307022643,2.6770327213535018e-05,0.4661239608907267,0.016987238090910767,B,GLY
447,122.0,0.0010327716657103703,2.4249936340311426e-05,0.38308136279450417,0.016480125185662803,B,LEU
448,123.0,0.0009444795527739762,2.2991991466477488e-05,0.3089761812465004,0.0159999268898109,B,ILE
449,124.0,0.0008639516464139631,2.2833569077985093e-05,0.24466985398630303,0.015641360838555645,B,ILE
450,125.0,0.0007841275472866929,2.1167792965991073e-05,0.18675970194254204,0.01418824550360213,B,ASN
451,126.0,0.0007553980042315193,2.5136686641001108e-05,0.1676573200671921,0.016303204227936484,B,TYR
452,127.0,0.000800457634939952,3.2745678535003554e-05,0.20646509023560317,0.023389474281157983,B,PRO
453,128.0,0.0008375850609564209,3.965773295217111e-05,0.23482792781151743,0.02670705066335424,B,LEU
454,129.0,0.00094408556998282,4.9101831894402095e-05,0.3130464745660507,0.03202068772191241,B,ASP
455,130.0,0.001022208757404093,5.1881482930129555e-05,0.361933066287634,0.03271834531604634,B,ASP
456,131.0,0.001086840973588537,5.5878111942824174e-05,0.4014515225912047,0.03346081476394849,B,GLN
457,132.0,0.0010065761950329645,4.9569113913347965e-05,0.3501098333117974,0.03213246919402495,B,ASP
458,133.0,0.000976890332279924,4.184855170694946e-05,0.3279062755739328,0.027797445482094604,B,ALA
459,134.0,0.0010924784464429074,4.682054265659727e-05,0.41041047508291356,0.028773398244572812,B,ILE
460,135.0,0.0011091594614248464,4.737122162346984e-05,0.4206400482405135,0.029332914805624836,B,ALA
461,136.0,0.0010427217966565534,3.781821042675968e-05,0.3772666580522892,0.024787606066046592,B,VAL
462,137.0,0.0011246448856981508,3.767731622042899e-05,0.44637550071068605,0.022969419394503823,B,GLU
463,138.0,0.0012303726892095945,4.26340138066985e-05,0.5182409441357626,0.023996329447121077,B,ALA
464,139.0,0.001170819545723134,3.9403556484174674e-05,0.4710126200628851,0.02327569150225512,B,ALA
465,140.0,0.001199597479242544,3.676274863395921e-05,0.4997631046216135,0.021962923111874862,B,CYS
466,141.0,0.0013248808714779608,3.582441709077145e-05,0.5901063875608388,0.018502558119666123,B,THR
467,142.0,0.0014096419466134676,4.388458682980168e-05,0.6297971314123271,0.019342596094327442,B,ASN
468,143.0,0.0012779287972889436,3.247972746555278e-05,0.568828875393031,0.017701637527337343,B,VAL
469,144.0,0.0012107572711690417,3.17509368280567e-05,0.5238187534995908,0.018440961764414655,B,PRO
470,145.0,0.001086887618925351,2.926158175582445e-05,0.4284145238402893,0.018700523491940794,B,ALA
471,146.0,0.0010024797722514224,2.7209014993990522e-05,0.3591333936339749,0.016541385545948646,B,LEU
472,147.0,0.000893548061751834,2.8152614403194788e-05,0.26661498040229126,0.01871372374152065,B,PHE
473,148.0,0.0008008910779726146,2.734152867353863e-05,0.1932204849894473,0.01788616312024883,B,LEU
474,149.0,0.0007853499659082535,3.369527789553866e-05,0.1885902571391653,0.021941049817340744,B,ASP
475,150.0,0.0008775285336276677,3.9551355300478066e-05,0.2612740664168497,0.02666003700536942,B,VAL
476,151.0,0.0009983080479362466,4.738292530743813e-05,0.3444674161175001,0.03130506301001731,B,SER
477,152.0,0.0011094931391148963,5.096875649927328e-05,0.4227074988155231,0.03170206376106884,B,ASP
478,153.0,0.0011423632259930053,5.947047519926563e-05,0.42936210535383545,0.03439975022940862,B,GLN
479,154.0,0.0010749595436951676,5.420228027776935e-05,0.38725933583150274,0.032529110034985036,B,THR
480,155.0,0.0011268992308663514,5.287108959165109e-05,0.43086962139811347,0.031593615817029186,B,PRO
481,156.0,0.0010286040499395608,4.193666858699607e-05,0.3628375759142006,0.026257375181792046,B,ILE
482,157.0,0.0010571607140781797,3.538311395687707e-05,0.3964121118146186,0.02033798906651743,B,ASN
483,158.0,0.0009644811934684367,3.256624028661013e-05,0.325106602920274,0.02016795681584807,B,SER
484,159.0,0.0009443525365930537,2.9945311174955753e-05,0.3073609854847742,0.0179961377490292,B,ILE
485,160.0,0.0008419110083177494,2.866488272014364e-05,0.22033423784295986,0.018019352571910417,B,ILE
486,161.0,0.0008546052018295875,2.8218098874830954e-05,0.22248783219192828,0.017947644574334513,B,PHE
487,162.0,0.0009098950048427395,3.2134606129808435e-05,0.26448292199681267,0.02008841495338517,B,SER
488,163.0,0.0008617221163420509,3.1172166604602204e-05,0.22199250549166555,0.020984464960937588,B,HSD
489,164.0,0.0009902995842990142,3.672920739605149e-05,0.3169444803376835,0.023445405063127773,B,GLU
490,165.0,0.0010701969329628184,3.748527174288425e-05,0.38919757074557426,0.024118318670365783,B,ASP
491,166.0,0.0009847053839746871,3.0409653740580133e-05,0.3225222897015118,0.019870108988118102,B,GLY
492,167.0,0.0010327260141618627,3.12467973361913e-05,0.3571951587199035,0.020557278738601185,B,THR
493,168.0,0.001190920433057125,3.7174048154434914e-05,0.48272817332127316,0.023066008049607303,B,ARG
494,169.0,0.0012044598720975703,3.6726788261738144e-05,0.4995477451867165,0.023464803739218488,B,LEU
495,170.0,0.0011717242889980927,3.345784732380837e-05,0.477021148296507,0.02244710158275096,B,GLY
496,171.0,0.0013358922554411146,3.5225278843251666e-05,0.5892664857647415,0.019882819336112297,B,VAL
497,172.0,0.0014542250793046889,3.964449253997544e-05,0.6532067019856138,0.01942000115423682,B,GLU
498,173.0,0.0014407488561820154,3.8689102555105225e-05,0.6487272257397596,0.020033002401148643,B,HSD
499,174.0,0.0014926715775755836,3.9244534202772233e-05,0.6712107507429901,0.019147102715434888,B,LEU
500,175.0,0.0016773146190893439,4.4335266112480286e-05,0.7425808674678036,0.016350975176181115,B,VAL
501,176.0,0.0017554699806852816,4.679736862856038e-05,0.7695438687168883,0.015449099930671537,B,ALA
502,177.0,0.001772797775926967,4.6880170137076674e-05,0.774001809019253,0.015550180497950018,B,LEU
503,178.0,0.0018827289646135422,5.063261860107998e-05,0.8050351035878882,0.013758865323788321,B,GLY
504,179.0,0.0017708939728890282,4.596039559009503e-05,0.7741310246801912,0.01554605248282541,B,HSD
505,180.0,0.0018934715337023322,5.182190703502124e-05,0.8065426196321661,0.014983154138704118,B,GLN
506,181.0,0.0018168664914494398,5.2311049932181126e-05,0.78377912736357,0.017290668982746317,B,GLN
507,182.0,0.0015865356590373959,4.303021138375111e-05,0.703471594090537,0.020026787206079165,B,ILE
508,183.0,0.0014719814266837058,4.210788588941534e-05,0.650191669897058,0.022571539003626875,B,ALA
509,184.0,0.0013182505949592127,3.828137908648741e-05,0.5597622431838741,0.023647120763058745,B,LEU
510,185.0,0.0011942199345022664,3.723022522040612e-05,0.47585820734806383,0.02431782874013123,B,LEU
511,186.0,0.0011359994390426177,3.970073581085452e-05,0.425184132316837,0.025681973089266473,B,ALA
512,187.0,0.0011298008160819943,4.2676403194983425e-05,0.41682818624283907,0.027338828283051578,B,GLY
513,188.0,0.0013356103241323367,7.097164442870058e-05,0.5101003574966618,0.03005285472501659,B,PRO
514,189.0,0.001470427401213893,7.849893581826407e-05,0.5804798208209502,0.028198700684958545,B,LEU
515,190.0,0.001478204121770337,9.714329047067802e-05,0.5486496963431966,0.030353578941885555,B,SER
516,191.0,0.001231075398303834,7.466608454106547e-05,0.42839298789679975,0.0338291997401377,B,SER
517,192.0,0.0011829162541710165,6.203775121404047e-05,0.4186156695524829,0.03289636037857618,B,VAL
518,193.0,0.0010364255322805702,4.819539131840987e-05,0.342486109316449,0.030869377229541185,B,SER
519,194.0,0.0010707472136778523,4.5873609926527144e-05,0.36617564715510176,0.028565589593880107,B,ALA
520,195.0,0.0011924609664015339,5.209221105144774e-05,0.44124994616014124,0.029072863040073265,B,ARG
521,196.0,0.0011282247767516942,4.392747568522092e-05,0.41215488650557786,0.027323687155365508,B,LEU
522,197.0,0.0010793929481295423,3.488876412898976e-05,0.3939785502002842,0.02480469920470391,B,ARG
523,198.0,0.0012226375602520777,3.980301239705316e-05,0.4869922901322306,0.02564442370235983,B,LEU
524,199.0,0.001322943273519483,4.404434804440369e-05,0.5478959383210578,0.025163106513147213,B,ALA
525,200.0,0.001232574172750258,3.800163763151726e-05,0.5003445750958349,0.023785105900185483,B,GLY
526,201.0,0.0012748388503500676,3.5154127836179606e-05,0.5326915622173408,0.022564184312780115,B,TRP
527,202.0,0.0014804913332979583,4.25913594677984e-05,0.645626049877245,0.02184298836055892,B,HSD
528,203.0,0.0015079388079568675,4.532485871950194e-05,0.6547357539733814,0.02257521559727584,B,LYS
529,204.0,0.0014755873718969698,4.202827476691335e-05,0.6524960158504544,0.02085310438282447,B,TYR
530,205.0,0.001608817761715524,4.30047651954582e-05,0.7128828013955291,0.017667900309073826,B,LEU
531,206.0,0.0017752175272801748,5.0250403847937406e-05,0.7666795882327604,0.015437719509430074,B,THR
532,207.0,0.0017805002847141452,5.1956891277719185e-05,0.7666580522892704,0.01609870970314066,B,ARG
533,208.0,0.0018373568703559209,4.977678522504823e-05,0.792221217211526,0.013881767241222023,B,ASN
534,209.0,0.001980854226430396,5.472860011720904e-05,0.8281647068958093,0.011316513167529272,B,GLN
535,210.0,0.0018813895282808815,5.088599032051867e-05,0.8042382736787699,0.013379280816391835,B,ILE
536,211.0,0.0018621006062388998,5.416522612413564e-05,0.7916828186242841,0.015730998959767758,B,GLN
537,212.0,0.0016919940888430395,4.816976751563187e-05,0.7393720118878412,0.018919043124129297,B,PRO
538,213.0,0.001792367329649412,5.435255414527041e-05,0.7692208295645432,0.019270272014172286,B,ILE
539,214.0,0.001652490402343555,5.288616609633477e-05,0.7161347288624715,0.022222961449119692,B,ALA
540,215.0,0.0015342049842885742,5.065100109580484e-05,0.6623594779687297,0.024176868809770265,B,GLU
541,216.0,0.0014662357600093712,4.938419422159e-05,0.6338674247318775,0.024962740666780177,B,ARG
542,217.0,0.001369535733825712,5.373426621151966e-05,0.5637679286729551,0.027007631245332977,B,GLU
543,218.0,0.0012513296340945846,5.7618581231169195e-05,0.4804022914243872,0.029764246203252194,B,GLY
544,219.0,0.0013146224576650904,6.164952474087872e-05,0.5216651591506224,0.029495943899952408,B,ASP
545,220.0,0.0011765121868525848,6.0874476971254695e-05,0.4413576258775897,0.03274005893140649,B,TRP
546,221.0,0.0010380577536822212,6.059502130057844e-05,0.32644183141663424,0.03184013672128956,B,SER
547,222.0,0.0009293270974389412,4.2533306953786296e-05,0.27387259335831504,0.02579281369375257,B,ALA
548,223.0,0.0011101083870971155,4.8727519724379225e-05,0.40412197958392554,0.02780004486385262,B,MET
549,224.0,0.0011993244097436013,5.3119560555657174e-05,0.4569711849076107,0.029147113131081353,B,SER
550,225.0,0.0010803143262629706,4.4277226042747904e-05,0.388874531593229,0.02643030935900341,B,GLY
551,226.0,0.001137106596209139,4.3133429653091956e-05,0.43937631907653873,0.02523507859885227,B,PHE
552,227.0,0.0013342860154193878,4.902493797365678e-05,0.5619589094198217,0.02674123897215418,B,GLN
553,228.0,0.0013523212875706317,4.82286986907758e-05,0.5725545936167461,0.02667770918514749,B,GLN
554,229.0,0.0013141819642537226,4.391395084697707e-05,0.5615497264935175,0.025519007777193785,B,THR
555,230.0,0.0014569275526713774,4.758634819142203e-05,0.6428694491105656,0.024124381972197684,B,MET
556,231.0,0.0016169632460575267,5.287367022527274e-05,0.7065081621225828,0.02241826549929369,B,GLN
557,232.0,0.0016129287886851988,5.2122717965698375e-05,0.7080802859973294,0.022764508938021753,B,MET
558,233.0,0.0016509956137714975,5.1021736662190834e-05,0.7293577981651377,0.02180193418542431,B,LEU
559,234.0,0.0018432157760292505,5.570485209682795e-05,0.7874833096437954,0.020039518528091715,B,ASN
560,235.0,0.0019419587572483258,5.933533317868217e-05,0.8009648102683379,0.01936008528028779,B,GLU
561,236.0,0.001993257386815467,6.192321614927035e-05,0.8118619976741183,0.01962685475128665,B,GLY
562,237.0,0.0019179403185296258,5.839870678743643e-05,0.8040444501873625,0.019381666473469263,B,ILE
563,238.0,0.001746534868757606,5.1896583734438566e-05,0.7637291639746739,0.02028949980215054,B,VAL
564,239.0,0.001617858217242623,4.747623345844456e-05,0.7161562648059612,0.020609975074677343,B,PRO
565,240.0,0.0016184177504496502,4.5287585290519774e-05,0.7189774734031096,0.01959107289404535,B,THR
566,241.0,0.001438052876735886,3.81287648704131e-05,0.6415126846707156,0.020704426431487087,B,ALA
567,242.0,0.0012941280909252767,3.452704880477228e-05,0.5564026359994833,0.021065711556768053,B,MET
568,243.0,0.0011449758783710394,2.864255656342912e-05,0.45203945384847316,0.01973379291268565,B,LEU
569,244.0,0.0010031403701669494,2.7149138405497387e-05,0.34164620752035146,0.019818440232556342,B,VAL
570,245.0,0.0009385242498616229,2.9924138374662928e-05,0.28853857087479007,0.02248676783256401,B,ALA
571,246.0,0.0007920839676094588,3.4206581085774676e-05,0.19362966791575137,0.02399323016825369,B,ASN
572,247.0,0.0008014953140325153,3.502513999450842e-05,0.20226558125511473,0.02368763756503329,B,ASP
573,248.0,0.0007710895626411198,3.624706781146572e-05,0.17859757935995169,0.02319371694049689,B,GLN
574,249.0,0.000855317113192365,3.2067178280116645e-05,0.22946547788258598,0.021669769223673443,B,MET
575,250.0,0.0008853107241805589,2.9780540040517387e-05,0.252659689020976,0.021034020195524538,B,ALA
576,251.0,0.0008453682628986243,3.4541569144471095e-05,0.22731188353361767,0.022307323105663544,B,LEU
577,252.0,0.0009331549979825608,3.6685692033291984e-05,0.29032605418443386,0.02269600939148752,B,GLY
578,253.0,0.00103965983316718,3.526627319392699e-05,0.37354093982857384,0.022390077045994296,B,ALA
579,254.0,0.0010333131197787385,3.611316484033581e-05,0.3689537838652711,0.02262005144794191,B,MET
580,255.0,0.0010300471995326158,4.02191957531728e-05,0.36300986346211817,0.023750476660671916,B,ARG
581,256.0,0.001194782068906149,4.089552481726566e-05,0.4855709178619114,0.023868965943585303,B,ALA
582,257.0,0.001274276612977314,4.1223413345107526e-05,0.5445794030236465,0.023919109266090886,B,ILE
583,258.0,0.001230474505309358,4.330917211605457e-05,0.51160787354094,0.025398511270622582,B,THR
584,259.0,0.0012968223892182013,4.420137329923901e-05,0.5528061334367059,0.024085801784672425,B,GLU
585,260.0,0.001474908947115142,4.6363096778163774e-05,0.6628332687255029,0.02265065345604064,B,SER
586,261.0,0.0014962985010554199,4.800836130073444e-05,0.6686479734677175,0.02351022864888151,B,GLY
587,262.0,0.001507583010829548,4.594036067644093e-05,0.677908429168282,0.022532592449614985,B,LEU
588,263.0,0.0014442000017855833,4.3023288867246906e-05,0.6460998406340178,0.022515815161470235,B,ARG
589,264.0,0.001284947530786244,3.742331543467353e-05,0.5542275057070253,0.021989192363015615,B,VAL
590,265.0,0.0013928601395050155,3.636404394699971e-05,0.6271266744196061,0.019564819224112472,B,GLY
591,266.0,0.0016013806631311634,4.247090789483406e-05,0.7191928328380064,0.019248772112096538,B,ALA
592,267.0,0.0016073628188639233,4.415157632258199e-05,0.719925054916656,0.019906786879356167,B,ASP
593,268.0,0.001428436304456721,3.9292587641575756e-05,0.6411896455183701,0.02095017455549952,B,ILE
594,269.0,0.001313280802100973,3.4511921045866605e-05,0.5777232200542703,0.019541884105628335,B,SER
595,270.0,0.0011302579137773972,2.9387472560888392e-05,0.44876599043804105,0.01792154582978429,B,VAL
596,271.0,0.0010279502669121522,2.7842493248948798e-05,0.3624283929878968,0.018368814787936335,B,VAL
597,272.0,0.0008499036598718224,2.478873448200738e-05,0.21591936942757453,0.016813750993032468,B,GLY
598,273.0,0.0007753452738390802,2.4536093591177272e-05,0.15704009992677773,0.01666326641716493,B,TYR
599,274.0,0.0006348674650200074,2.5304801992504545e-05,0.09426282465434806,0.01386422088684052,B,ASP
600,275.0,0.000722836578747304,2.175606820069303e-05,0.1262867726235086,0.011483972235519592,B,ASP
601,276.0,0.0007656254434321607,2.7024539084144827e-05,0.16500839901796102,0.01709264453403272,B,THR
602,277.0,0.0009684571227542518,4.368731418578318e-05,0.3039152345264246,0.027256591973295198,B,GLU
603,278.0,0.0009716540042839916,3.0307617802309615e-05,0.3329026144635396,0.023358947835007932,B,ASP
604,279.0,0.0009578740442641225,2.7901204323577845e-05,0.31582461127621997,0.021346139021045017,B,SER
605,280.0,0.001116946879412014,3.442818367577617e-05,0.4458801740104233,0.024240104255047454,B,SER
606,281.0,0.0010655070731291506,3.3844925493196765e-05,0.40211913683938477,0.023407056543561053,B,CYS
607,282.0,0.0009929634098544862,3.4259923706836936e-05,0.3358745746651161,0.02256131911895506,B,TYR
608,283.0,0.0010113455282613397,3.505642708004389e-05,0.35478313304905884,0.02321979249584823,B,ILE
609,284.0,0.001104115914994141,3.548177078776909e-05,0.4254640995822026,0.023325685677181296,B,PRO
610,285.0,0.001073413316076893,3.281517798544435e-05,0.4011930912693285,0.022185425168182955,B,PRO
611,286.0,0.000957831672773231,2.8592840026917455e-05,0.31056984106473706,0.020241906489090286,B,LEU
612,287.0,0.0010486530667294985,2.9213408502372292e-05,0.3844381272343541,0.02027782955930163,B,THR
613,288.0,0.0009278947433612578,2.707092503920199e-05,0.2916182107938148,0.018012956075366522,B,THR
614,289.0,0.0008946345172017462,2.8506908376855887e-05,0.25169057156394026,0.016071072009095883,B,ILE
615,290.0,0.0008948499716124595,2.6589821813434628e-05,0.2516474996769608,0.014714334917581427,B,LYS
616,291.0,0.0008125681623637282,2.3706368629920174e-05,0.18555368910711972,0.01362149362067578,B,GLN
617,292.0,0.0009016694232145617,2.3297954386789495e-05,0.26062798811215915,0.012444883670343354,B,ASP
618,293.0,0.0008179213804300774,1.860287575862226e-05,0.19595554981263724,0.010547149682171726,B,PHE
619,294.0,0.0009111336967438085,2.5231200374970678e-05,0.27469095921092307,0.015508755205312235,B,ARG
620,295.0,0.0009997362286568185,2.9928976033860622e-05,0.34677176207089644,0.0177532620196046,B,LEU
621,296.0,0.0009197949966358677,2.4728105759935316e-05,0.281173278201318,0.014104187061847472,B,LEU
622,297.0,0.0009223902401707816,2.338699289741685e-05,0.2881078520049964,0.014940828121987375,B,GLY
623,298.0,0.0010549269614428198,3.058755702280272e-05,0.39511995520523746,0.019505273811419255,B,GLN
624,299.0,0.001085230133952279,3.150804453289987e-05,0.42188913296291514,0.018299069042198114,B,THR
625,300.0,0.0010130948406069137,2.6081720623586343e-05,0.36503424215014857,0.01557485669668506,B,SER
626,301.0,0.0011028873786038847,2.996538443819047e-05,0.4368781496317354,0.018580393890098027,B,VAL
627,302.0,0.0012015650992561844,3.4962770619868063e-05,0.5131153895852179,0.01877008393642177,B,ASP
628,303.0,0.0011578163880306615,3.206576978067007e-05,0.4831158203040875,0.016632778349409,B,ARG
629,304.0,0.0011476621800870011,2.9505512779530598e-05,0.47555670413920825,0.01611991069680551,B,LEU
630,305.0,0.0012557118579381828,3.515112248263695e-05,0.5510832579575309,0.017755372761776585,B,LEU
631,306.0,0.0013096918450110665,3.908627249174121e-05,0.5887711590644785,0.018139738295835373,B,GLN
632,307.0,0.0012820218780523385,3.568829030516294e-05,0.5752035146659775,0.0173971474619375,B,LEU
633,308.0,0.001331562538739524,3.520087908285603e-05,0.6064952405564887,0.01594460853799037,B,SER
634,309.0,0.0014553571494500658,4.260003773881574e-05,0.6717706852737221,0.017411598071005268,B,GLN
635,310.0,0.0014724791063690085,4.3532331067482974e-05,0.6822586897531981,0.0178303807897388,B,GLY
636,311.0,0.0014675928189203608,4.6907487243406534e-05,0.6734720248094067,0.01977783410902923,B,GLN
637,312.0,0.0013416958629534354,4.1823530638896195e-05,0.6086703708489469,0.019340280022944047,B,ALA
638,313.0,0.001267443184702899,4.756616779926877e-05,0.5349313003402679,0.025265642572387045,B,VAL
639,314.0,0.0011553611792332241,4.8111253964162756e-05,0.45796183830813614,0.02824924704944954,B,LYS
640,315.0,0.0010880311233310816,4.583413256992848e-05,0.4150622388766852,0.025582859004952746,B,GLY
641,316.0,0.0010123506699820084,3.980119665149325e-05,0.35728130249386225,0.02278762511393837,B,ASN
642,317.0,0.0010625292277794678,3.713256316402569e-05,0.40287289486152383,0.020457846992658887,B,GLN
643,318.0,0.0010190185076255128,3.519217846283962e-05,0.3641728044105613,0.02104916739429028,B,LEU
644,319.0,0.0010333986978699786,3.2702963519066724e-05,0.37752508937416535,0.01973607925447121,B,LEU
645,320.0,0.0011222567456708053,3.3071113002306076e-05,0.4501658267648705,0.020920280720808624,B,PRO
646,321.0,0.0010613909177209701,2.8560373383064018e-05,0.3997717189990094,0.01849789119803194,B,VAL
647,322.0,0.0011646078704431674,3.166967057268471e-05,0.4844295128569583,0.020745567608777854,B,SER
648,323.0,0.0011738559478531871,3.278418660874564e-05,0.4874876168324935,0.02157314515854389,B,LEU
649,324.0,0.0012109397223731575,3.5877716407567054e-05,0.5110910108971873,0.02285224705765609,B,VAL
650,325.0,0.001286700331435049,3.61298494862309e-05,0.5644140069776459,0.022202711741426018,B,LYS
651,326.0,0.001316486252729451,3.7733222995530054e-05,0.5748374036266529,0.02244860866073528,B,ARG
652,327.0,0.0014355249366358965,4.330638219754712e-05,0.630830856699832,0.02155092268216564,B,LYS
653,328.0,0.0012636734141826466,3.4073697174157506e-05,0.5441271482103629,0.02060013644037508,B,THR
