variant,mutations
DT_IPTG_001,Q55H/D130E/V192A/T258I/D267N/Y273H/N333I
DT_IPTG_003,V52M/H74Y/V119I/G200V/R207H/L262M/K290R/Q306H/A337V/Q352*
DT_IPTG_007,K84E/D88Y/L90P/Q153L/A199V/L342M/R351P/S358R
DT_IPTG_012,D88V/G121R/L174M/P212S/M242I/R340S
DT_IPTG_014,M42K/D88Y/H179N/K325N/Q352H
DT_IPTG_018,S85C/V95E/M98T/R101G/N157K/T206S/E235K
DT_IPTG_019,A72T/K84E/R101Q/S162A/A186V/G261R/R351*
DT_IPTG_022,E11V/L73M/V301M/G315C/A331V
DT_IPTG_023,C107R/A199V/G310R/G315C/T334S
DT_IPTG_024,S191F/G315C/Q335K
DT_IPTG_026,E36D/H163Y/Q181H/G200V/N208Y/G315C/R340H
DT_IPTG_028,Q26H/V119I/P212S/V264I/Q298R/Q348H
DT_IPTG_032,A138V/I237N/R303S/G315S/K327N/S338F
DT_IPTG_033,V52M/Q131R/S151A/P332L/A341T
DT_IPTG_034,K203Q/A214S/G315V/D344N
DT_IPTG_035,I64V/G218S/A343T
DT_IPTG_057,N208Y/D219N/I237T/L243M/D344V
DT_IPTG_058,T34S/V96L/N113K/Q211E/D267Y
DT_IPTG_064,S224T/M232T/I283L/Q298L
DT_IPTG_065,K108T/G236A/T240A/Q291H/M347T/*361S
DT_IPTG_066,R101Q/F293I/T334R
DT_IPTG_067,A176T/A256T
DT_IPTG_068,H173Y/Q306R/L330M
DT_IPTG_069,P3R/I124F/V238A
DT_IPTG_070,E100V/L319F
DT_IPTG_071,A92V/Y126H/V244A
DT_IPTG_072,A199G/K314N/M347K
DT_IPTG_079,V99E/A116T/T141I/S190C
DT_IPTG_082,V94M/S190C/G200A/Q209R/R263H/Q317L
DT_IPTG_083,E39D/N208D/A222V
DT_IPTG_084,A92I/S269T/N333H/L346*
DT_IPTG_085,G121V/G261V
DT_IPTG_087,L90Q/L198M/E235D/T336S
DT_IPTG_090,S120G/M223L/F226L/L319F/R355L
DT_IPTG_091,I160N/Q231H/I289V/D302E
DT_IPTG_092,I160N/R263S/L305Q
DT_IPTG_093,Q89L/S158C/E172K/Q291H
DT_IPTG_094,T167A/F293V/P320R
DT_IPTG_096,Y126C/G178D/A222S/L304M/L319S/P339S
DT_IPTG_099,V104L/L262P/D302E/Q317R/Q352H
DT_IPTG_100,A27S/H173L/G178D/A199D/D219V
DT_IPTG_101,I160F/E172K/L177M/L307V/L356P
DT_IPTG_108,Y12C/A109V/A135V/I156T/G170A/Q181R/E217V/T229I/M242I/G315C/K327I/T334M/T336S/R340C
DT_IPTG_109,L63Q/D292V/Q348*
DT_IPTG_111,K84N/A106T/Q153R
DT_IPTG_113,E36G/Q89R/I160T/T240A/L304M
DT_IPTG_134,G14S/E44K/A116P/I159F/E172D
DT_IPTG_135,L62M/A109V/D149E/M242V/P285S/Q317R
DT_IPTG_136,Y273H/D278G/Q335L/E357G
DT_IPTG_138,S28G/T34M/Q60R/A81S/E100K/L148V/S221N/V271L
DT_IPTG_139,K203N/D278V/S280L/I283V
DT_IPTG_140,Q55K/G121V/N333I
DT_IPTG_143,P127S/I160M/A199T
DT_IPTG_145,K2R/A92V/R195P/D278G
DT_IPTG_146,P3A/D88V/S120N/A176T/D278E/P284S/G359E
DT_IPTG_150,A27G/A214T/*361W
DT_IPTG_152,N157I/A222S/F226Y/T276S/D302E
DT_IPTG_154,L146F/D149E/V238D
DT_IPTG_155,V95M/Q335R/Q360R
DT_IPTG_201,G103D/H202Y/P284T
DT_IPTG_202,E44D/R101G/R303S/R355L
DT_IPTG_203,V9I/R255C/E259D/T336I/R355Q
DT_IPTG_205,A27T/A87T/S102G/N316I/L330P/Q352R
DT_IPTG_208,S77P/E105V
DT_IPTG_209,V24L/V52M/A72T/A214V/I268V/K325Q/P332H/A337V
DT_IPTG_211,M42L/V66I/S93N/D132V
DT_IPTG_212,S69F/V95A/A110E/I159S
DT_IPTG_213,S70R/V150A/S190T/F226L
RS01,E36G/A67V/P155S/I237V
RS04,M42I/A57G/L62F/C107S/K290R
RS05,A27T/V99L/L185I/R207H/V324A/P339S
RS10,G103R/N113K/Q131E/S151Y/D165E/E277Q/L295V
RS14,Q26L/S70N/L251M/Q311H/V313M/A337P/R355P
RS15,V99I/E100Q/V143D/V353A
RS17,L63Q/H173Y/E357D
RS18,E36K/A43S/V52M/I79T/A194V/Q311P
RS19,L169R/D219E/F293L/K325E
WT(A194V),A194V
WT(A82G),A82G
WT(A82V),A82V
WT(D247E),D247E
WT(D88G),D88G
WT(D88N),D88N
WT(F161L),F161L
WT(F161S),F161S
WT(F161V),F161V
WT(G200C),G200C
WT(L56M/A194V),L56M/A194V
WT(L56M/D130E),L56M/D130E
WT(L56M/Q317L),L56M/Q317L
WT(M42I),M42I
WT(M42I/R51C),M42I/R51C
WT(N125D),N125D
WT(N208Y),N208Y
WT(Q181H),Q181H
WT(Q231R),Q231R
WT(Q291L),Q291L
WT(Q317L),Q317L
WT(Q54R),Q54R
WT(S279T),S279T
WT(S69F),S69F
WT(S69T),S69T
WT(S70R),S70R
WT(S97T),S97T
WT(T68I),T68I
WT(V136E),V136E
WT(V23E),V23E
WT(V271M),V271M
WT(V301M),V301M
WT(V38A),V38A
WT(V80L),V80L
WT(V96M),V96M
